{
  "command": [
    "python3",
    "code/particles/core/oph_lattice_su3_quenched_v5.py",
    "--beta",
    "5.7",
    "--L",
    "2",
    "--T",
    "4",
    "--therm",
    "1",
    "--sweeps",
    "1",
    "--every",
    "1",
    "--seed",
    "0",
    "--kappas",
    "0.12,0.125",
    "--nf",
    "0",
    "--c",
    "0.3",
    "--eps",
    "0.01",
    "--json"
  ],
  "parameters": {
    "L": 2,
    "T": 4,
    "beta": 5.7,
    "c_flow": 0.3,
    "eps_flow": 0.01,
    "every": 1,
    "kappas": [
      0.12,
      0.125
    ],
    "nf": 0,
    "seed": 0,
    "sweeps": 1,
    "therm": 1
  },
  "parse_error": null,
  "reference_script": "code/particles/core/oph_lattice_su3_quenched_v5.py",
  "result": {
    "C_p_0": 783213.7742971084,
    "C_p_1": 277762.60767467844,
    "C_p_chiral": 272563.5837907769,
    "C_pi_0": 231841.78998522708,
    "C_pi_1": 23393.26703566528,
    "C_rho_0": 237063.89815263674,
    "C_rho_1": 44248.58462310682,
    "C_rho_chiral": 42265.30416711211,
    "L": 2.0,
    "T": 4.0,
    "aLambda_msbar": 5.04923850239151e-07,
    "alpha_msbar_at_mu": 0.034666078793893294,
    "am_p_0": 0.39546331447843336,
    "am_p_1": 0.1402489653195654,
    "am_p_chiral": 0.13762385416262052,
    "am_pi_0": 0.11706244924567749,
    "am_pi_1": 0.011811818461320725,
    "am_rho_0": 0.1196992162079313,
    "am_rho_1": 0.02234216571553199,
    "am_rho_chiral": 0.02134076011158708,
    "beta": 5.7,
    "c_flow": 0.3,
    "g2_GF": 0.45169077610258,
    "kappa_0": 0.12,
    "kappa_1": 0.125,
    "mu_lat": 1.6666666666666667,
    "n_meas": 1.0,
    "nf": 0.0
  },
  "runner": {
    "created_utc": "20260324T131849Z",
    "cwd": ".",
    "script": "code/particles/hadron/run_quenched_reference.py"
  },
  "subprocess": {
    "returncode": 0,
    "stderr": "",
    "stdout": "{\n  \"C_p_0\": 783213.7742971084,\n  \"C_p_1\": 277762.60767467844,\n  \"C_p_chiral\": 272563.5837907769,\n  \"C_pi_0\": 231841.78998522708,\n  \"C_pi_1\": 23393.26703566528,\n  \"C_rho_0\": 237063.89815263674,\n  \"C_rho_1\": 44248.58462310682,\n  \"C_rho_chiral\": 42265.30416711211,\n  \"L\": 2.0,\n  \"T\": 4.0,\n  \"aLambda_msbar\": 5.04923850239151e-07,\n  \"alpha_msbar_at_mu\": 0.034666078793893294,\n  \"am_p_0\": 0.39546331447843336,\n  \"am_p_1\": 0.1402489653195654,\n  \"am_p_chiral\": 0.13762385416262052,\n  \"am_pi_0\": 0.11706244924567749,\n  \"am_pi_1\": 0.011811818461320725,\n  \"am_rho_0\": 0.1196992162079313,\n  \"am_rho_1\": 0.02234216571553199,\n  \"am_rho_chiral\": 0.02134076011158708,\n  \"beta\": 5.7,\n  \"c_flow\": 0.3,\n  \"g2_GF\": 0.45169077610258,\n  \"kappa_0\": 0.12,\n  \"kappa_1\": 0.125,\n  \"mu_lat\": 1.6666666666666667,\n  \"n_meas\": 1.0,\n  \"nf\": 0.0\n}\n"
  }
}
