{
  "artifact": "oph_quark_d12_internal_backread_yukawa_dictionary",
  "changes_public_theorem_frontier": false,
  "even_dictionary": {
    "E_d_log_base": [
      -1.6373936628453405,
      -0.14627158828147344,
      1.7836652511268138
    ],
    "E_u_log_base": [
      -2.908465486057422,
      0.23851216804201794,
      2.6699533180154043
    ],
    "profile_rays": {
      "v_d": [
        -0.4786218840482289,
        -0.042756231903542136,
        0.5213781159517711
      ],
      "v_u": [
        -0.5213781159517711,
        0.042756231903542136,
        0.4786218840482289
      ]
    },
    "sigma_d_total_log_per_side": 3.4210589139721543,
    "sigma_source_kind": "edge_statistics_bridge_candidate",
    "sigma_u_total_log_per_side": 5.578418804072826
  },
  "forward_surface": {
    "U_d_left": {
      "imag": [
        [
          0.0,
          0.0,
          0.0
        ],
        [
          0.0019802055183246255,
          -0.2182056943764016,
          -0.004268220739795105
        ],
        [
          -6.45484308040543e-05,
          0.00312846403668257,
          -0.6719298393180936
        ]
      ],
      "real": [
        [
          0.9999588141966382,
          0.009075627554347432,
          -5.380472155792763e-05
        ],
        [
          -0.008856884314590691,
          0.9758505547463072,
          -0.001177463840815185
        ],
        [
          -1.141475041684706e-05,
          -0.0031329603098099452,
          -0.7406015690029506
        ]
      ]
    },
    "U_u_left": {
      "imag": [
        [
          0.0,
          0.0,
          0.0
        ],
        [
          0.00265915679987597,
          -0.8172221610345767,
          -0.002962407073873914
        ],
        [
          -2.742543427136583e-05,
          0.0034911971036973104,
          -0.3960429487274366
        ]
      ],
      "real": [
        [
          0.9999947048177973,
          0.0032540268866759503,
          -4.056337793210919e-05
        ],
        [
          -0.0018753903743849213,
          0.5763030118971637,
          -0.0018476830408965528
        ],
        [
          -3.7151981535778196e-05,
          -2.9052324265123788e-05,
          -0.9182253488820694
        ]
      ]
    },
    "V_CKM": {
      "imag": [
        [
          1.9840270830110864e-05,
          -0.0021859209308820763,
          1.5787846401796998e-05
        ],
        [
          -0.006096802008791646,
          0.6717449472071434,
          -0.0008169308360448508
        ],
        [
          2.485278508104248e-05,
          -0.0008193802735404364,
          0.323677380103899
        ]
      ],
      "real": [
        [
          0.999975397219431,
          0.0066652662002626255,
          -1.7003317042316557e-05
        ],
        [
          -0.0034688490922063853,
          0.7407486884105863,
          0.00048501022489438775
        ],
        [
          5.9820968665185935e-06,
          0.0004807408854489273,
          0.9461670309516165
        ]
      ]
    },
    "Y_d": {
      "imag": [
        [
          0.0,
          0.00015367255428783505,
          -0.00017295762217109758
        ],
        [
          -0.0004938498084857015,
          0.0,
          0.010664433418101402
        ],
        [
          0.0011794260169188237,
          -0.022629252331261007,
          0.0
        ]
      ],
      "real": [
        [
          0.004236439799446182,
          0.000697736664125546,
          0.0001810095574808645
        ],
        [
          0.002242281450638518,
          0.09085141973524266,
          0.016828365014147004
        ],
        [
          0.0012343334669154009,
          0.03570872481432715,
          4.6861054735360375
        ]
      ]
    },
    "Y_u": {
      "imag": [
        [
          0.0,
          0.003326819356087708,
          -0.0027553071268929447
        ],
        [
          -0.001035215199681525,
          0.0,
          0.3390015370022913
        ],
        [
          0.0004040536347192359,
          -0.15976044047203009,
          0.0
        ]
      ],
      "real": [
        [
          0.002205533133728434,
          0.002359095401431756,
          0.006372358745664563
        ],
        [
          0.000734085970911538,
          1.256372592602042,
          0.48927727531040466
        ],
        [
          0.0009344782974608546,
          0.23058052688420894,
          171.0866845894862
        ]
      ]
    },
    "commutator_invariant": {
      "det_abs": 1.6088513324935436,
      "det_imag": 1.6088513324935436,
      "fro_norm": 863.6057495947111
    },
    "jarlskog": 1.505308417752448e-10,
    "singular_values_d": [
      0.004216734411278773,
      0.09069989806817585,
      4.686342397243612
    ],
    "singular_values_u": [
      0.0022013472986975803,
      1.2553945652974103,
      171.0879574165533
    ]
  },
  "generated_utc": "2026-05-06T02:44:56Z",
  "lifted_even_logs": {
    "E_d_log": [
      -1.6790226759733695,
      -0.14627158828147344,
      1.8252942642548429
    ],
    "E_u_log": [
      -2.933995176717709,
      0.23851216804201794,
      2.695483008675691
    ],
    "lift_formula_d": "E_d_log_base + tau_d_log_per_side * B_ord",
    "lift_formula_u": "E_u_log_base + tau_u_log_per_side * B_ord"
  },
  "notes": [
    "This is the first explicit quark Yukawa-dictionary sidecar in the repo that combines the direct edge-statistics spread bridge with an emitted pure-B source payload object.",
    "The sidecar is intentionally continuation-only and internal-backread-only. It records a constructive dictionary surface without claiming that the public theorem-grade quark lane has closed.",
    "Its odd transport lift uses the weighted D12 overlap law tau_q = sigma_{other} * Delta_ud_overlap / (2 * (sigma_u + sigma_d)), not the raw source-side beta pair."
  ],
  "odd_source_payload": {
    "B_ord": [
      -1.0,
      0.0,
      1.0
    ],
    "Delta_ud_overlap": 0.13431740757663183,
    "J_B_source_d": -0.06715870378831591,
    "J_B_source_u": 0.06715870378831591,
    "beta_d_diag_B_source": -0.06715870378831591,
    "beta_u_diag_B_source": 0.06715870378831591,
    "source_readback_d_log_per_side": [
      0.06715870378831591,
      -0.0,
      -0.06715870378831591
    ],
    "source_readback_u_log_per_side": [
      -0.06715870378831591,
      0.0,
      0.06715870378831591
    ]
  },
  "odd_transport_lift": {
    "Lambda_ud_B_transport": 0.14241530644150724,
    "Lambda_ud_B_transport_formula": "sigma_u_total_log_per_side * sigma_d_total_log_per_side * Delta_ud_overlap / (2 * (sigma_u_total_log_per_side + sigma_d_total_log_per_side))",
    "comparison_to_theorem_mean_surface_sample": {
      "reason": "The live D12 overlap law still uses the theorem-mean-surface sigma pair, while this sidecar intentionally uses the direct edge-statistics sigma pair.",
      "sample_exists": true,
      "tau_d_residual_vs_sample": -0.0004509954336765973,
      "tau_u_residual_vs_sample": 0.0006535221072808683
    },
    "consumed_overlap_law_artifact": "oph_quark_d12_overlap_transport_law",
    "tau_d_formula": "sigma_u_total_log_per_side * Delta_ud_overlap / (2 * (sigma_u_total_log_per_side + sigma_d_total_log_per_side))",
    "tau_d_log_per_side": 0.04162901312802894,
    "tau_formula_kind": "explicit_edge_branch_overlap_law_internal_backread_realization",
    "tau_ratio_minus_sigma_ratio": 0.0,
    "tau_sum_half_delta_identity": 0.0,
    "tau_u_formula": "sigma_d_total_log_per_side * Delta_ud_overlap / (2 * (sigma_u_total_log_per_side + sigma_d_total_log_per_side))",
    "tau_u_log_per_side": 0.02552969066028697
  },
  "proof_status": "internal_backread_edge_bridge_dictionary_emitted",
  "public_promotion_allowed": false,
  "scope": "D12_continuation_internal_backread_only",
  "sector_means": {
    "g_d": 0.12172551081512113,
    "g_u": 0.7797392875757557,
    "shared_norm_origin": "oph_quark_sector_mean_split"
  },