{
  "artifact": "oph_quark_d12_mass_branch_and_ckm_closure",
  "best_honest_one_scalar_mass_point_on_same_family": {
    "Delta_ud_overlap": 0.14039999999999997,
    "Lambda_ud_B_transport": 0.14580774897025428,
    "abs_V_CKM": [
      [
        0.9999712911878589,
        0.007577330096328723,
        2.9473680306303022e-05
      ],
      [
        0.007577318932071505,
        0.9999704710842362,
        0.001281092258113659
      ],
      [
        3.221627276221438e-05,
        0.0012810262227594864,
        0.9999991789666279
      ]
    ],
    "jarlskog": 2.83631216685383e-10,
    "m_d": [
      0.004689079672221174,
      0.09160813868480612,
      4.172490842613352
    ],
    "m_u": [
      0.0021713923963664877,
      1.2566921764926138,
      173.2690628822735
    ],
    "rms_log_error_vs_reference_targets": 0.01042141570737968,
    "tau_d_log_per_side": 0.04411865683386919,
    "tau_u_log_per_side": 0.026081343166130807
  },
  "candidate_mass_branch_from_t1_over_5": {
    "Delta_ud_overlap": 0.13391235422942327,
    "Lambda_ud_B_transport": 0.13907022029558064,
    "abs_V_CKM": [
      [
        0.9999711211934649,
        0.007599730282401467,
        2.9643208226183302e-05
      ],
      [
        0.00759971902545621,
        0.9999702929711931,
        0.0012874182854748012
      ],
      [
        3.240091299227056e-05,
        0.0012873518331854138,
        0.9999991708373758
      ]
    ],
    "jarlskog": 2.8755912280868794e-10,
    "m_d": [
      0.004708229528844486,
      0.09160827127333702,
      4.155513989984608
    ],
    "m_u": [
      0.002176632492997213,
      1.2566921714397312,
      172.85192993931355
    ],
    "rms_log_error_vs_reference_targets": 0.01078398352557181,
    "tau_d_log_per_side": 0.04208000856170554,
    "tau_u_log_per_side": 0.024876168553006103
  },
  "candidate_selector_value_source": "same_family_specialization_delta_ud_overlap_equals_t1_over_5",
  "closure_residual": {
    "definition": "||exp(K_CKM) - V_CKM^fwd||_F on the generator-gauge surface",
    "fro_norm": 1.1224045809338492e-15
  },
  "debug_only_target_seeded_generator": {
    "reason": "the honest same-label transport unitary is emitted directly by the forward Yukawa step and no target CKM seed is needed",
    "status": "retired"
  },
  "forward_same_label_transport": {
    "V_CKM_forward_standard_gauge": {
      "imag": [
        [
          0.0,
          4.336808689942018e-19,
          -2.9391530354442123e-05
        ],
        [
          -3.784028639866252e-08,
          -5.551115123125783e-17,
          0.0
        ],
        [
          -2.93906572154826e-05,
          -2.2336788830319611e-07,
          -1.1102230246251565e-16
        ]
      ],
      "real": [
        [
          0.9999711211934651,
          0.007599730282401466,
          -3.854573564581295e-06
        ],
        [
          -0.007599719025362004,
          0.9999702929711931,
          0.0012874182854748014
        ],
        [
          1.3638490795344167e-05,
          -0.0012873518138071785,
          0.9999991708373757
        ]
      ]
    },
    "abs_V_CKM": [
      [
        0.9999711211934651,
        0.007599730282401466,
        2.9643208226183306e-05
      ],
      [
        0.0075997190254562105,
        0.9999702929711931,
        0.0012874182854748014
      ],
      [
        3.240091299227056e-05,
        0.001287351833185414,
        0.9999991708373757
      ]
    ],
    "definition": "V_CKM^fwd = U_u_left(candidate)^dagger @ U_d_left(candidate)",
    "eigenphase_principal_strip_radians": [
      0.007712967137298276,
      -0.00770328686557414,
      -9.679984148316682e-06
    ],
    "jarlskog": 2.875591228134216e-10,
    "principal_log_exists_uniquely": true,
    "standard_rephasing_gauge": {
      "col_phase_radians": [
        0.0,
        0.289924735223094,
        2.0247133460747824
      ],
      "conditions": [
        "V_ud real-positive",
        "V_us real-positive",
        "V_cs real-positive",
        "V_cb real-positive",
        "V_tb real-positive"
      ],
      "row_phase_radians": [
        2.1027945226276594e-05,
        1.0265002230680542,
        2.350727722952781
      ]
    }
  },
  "generated_utc": "2026-03-29T09:13:53Z",
  "notes": [
    "This artifact records the strongest current D12 continuation candidate for the light-quark split without overriding the recovered-core no-go.",
    "On the D12 continuation branch the CKM/CP lane closes honestly once the forward Yukawa step is reached, because the same-label transport unitary is already V_CKM^fwd = U_u^dagger U_d.",
    "The remaining open burden on this branch is mass-side rather than transport-side: the OPH-emitted value laws for Delta_ud_overlap and eta_Q_centered are still missing, and the current t1/5 continuation branch remains quantitatively far from the physical CKM matrix."
  ],
  "public_promotion_allowed": false,
  "remaining_open_objects": [
    "Delta_ud_overlap_value_law",
    "eta_Q_centered_value_law",
    "quark_exact_mean_split_value_law_or_carrier_repair"
  ],
  "same_label_transport_generator": {
    "V_CKM_generator_gauge": {
      "imag": [
        [
          0.0,
          1.8920157403861872e-08,
          -2.939188381745045e-05
        ],
        [
          -1.8920157020448306e-08,
          -5.551115123125783e-17,
          1.1489196133804907e-07
        ],
        [
          -2.9391908174065654e-05,
          -1.0848185814946724e-07,
          -1.1102230246251565e-16
        ]
      ],
      "real": [
        [
          0.9999711211934651,
          0.007599730282377914,
          -3.851877412685407e-06
        ],
        [
          -0.007599719025432659,
          0.9999702929711932,
          0.0012874182803481993
        ],
        [
          1.3635794682378412e-05,
          -0.0012873518286146692,
          0.9999991708373757
        ]
      ]
    },
    "abs": [
      [
        9.585939922364254e-11,
        0.007599799911070336,
        3.066523834550606e-05
      ],
      [
        0.007599799911070336,
        9.585943540185488e-11,
        0.001287397802966968
      ],
      [
        3.066523834550606e-05,
        0.0012873978029669677,
        9.585698362591386e-11
      ]
    ],
    "definition": "K_CKM = Log_pr(V_CKM^fwd)",
    "generator_gauge_convention": "diagonal conjugation chosen so that K_12 and K_23 are real-positive",
    "generator_gauge_phase_radians": [
      0.0,
      2.4895827483852606e-06,
      9.173172167620059e-05
    ],
    "generator_invariants": {
      "chi_diagonal_imag": [
        9.585939922364254e-11,
        9.585943540185488e-11,
        9.585698362591386e-11
      ],
      "phi_K": -1.859950059797122,
      "theta_12_K": 0.007599799911070336,
      "theta_13_K": 3.066523834550606e-05,
      "theta_23_K": 0.0012873978029669681
    },
    "imag": [
      [
        9.585939922364254e-11,
        3.308722450212111e-24,
        -2.9392187052860447e-05
      ],
      [
        3.308722450212111e-24,
        9.585943540185488e-11,
        3.2050833605723216e-09
      ],
      [
        -2.9392187052860447e-05,
        3.205083360572317e-09,
        9.585698362591386e-11
      ]
    ],
    "real": [
      [
        0.0,
        0.007599799911070336,
        -8.743922634399146e-06
      ],
      [
        -0.007599799911070336,
        0.0,
        0.0012873978029629785
      ],
      [
        8.743922634399146e-06,
        -0.0012873978029629782,
        1.5777218104420236e-30
      ]
    ]
  },
  "standard_ckm_parameters": {
    "delta_ckm": 1.7011978493658404,
    "jarlskog": 2.875591228134216e-10,
    "theta_12": 0.0075998034425194495,
    "theta_13": 2.964320823052465e-05,
    "theta_23": 0.0012874186416783878
  },
  "status": "d12_continuation_ckm_cp_closed_mass_value_laws_open",
  "theorem_tier": "D12_continuation_only"
}
