{
  "artifact": "oph_neutrino_physical_majorana_phase_theorem",
  "basis_contract": {
    "labels": [
      "f1",
      "f2",
      "f3"
    ],
    "orientation_preserved": true
  },
  "candidate_parameters": {
    "alpha21_deg": 153.61851777943562,
    "alpha21_deg_0_to_360": 153.61851777943562,
    "alpha21_rad": 2.6811489272845996,
    "alpha21_rad_0_to_2pi": 2.6811489272845996,
    "alpha31_deg": -102.99675917792007,
    "alpha31_deg_0_to_360": 257.00324082207993,
    "alpha31_rad": -1.7976325665383932,
    "alpha31_rad_0_to_2pi": 4.485552740641193,
    "electron_row_gauge_phase_deg": 79.72751605060557,
    "electron_row_gauge_phase_rad": 1.3915076595196934
  },
  "depends_on": [
    "oph_neutrino_weighted_cycle_repair",
    "oph_shared_charged_lepton_left_basis",
    "oph_neutrino_weighted_cycle_shared_basis_representation"
  ],
  "emitted_parameters": {
    "alpha21_deg": 153.61851777943562,
    "alpha21_deg_0_to_360": 153.61851777943562,
    "alpha21_rad": 2.6811489272845996,
    "alpha21_rad_0_to_2pi": 2.6811489272845996,
    "alpha31_deg": -102.99675917792007,
    "alpha31_deg_0_to_360": 257.00324082207993,
    "alpha31_rad": -1.7976325665383932,
    "alpha31_rad_0_to_2pi": 4.485552740641193,
    "electron_row_gauge_phase_deg": 79.72751605060557,
    "electron_row_gauge_phase_rad": 1.3915076595196934
  },
  "generated_utc": "2026-04-14T11:23:02Z",
  "notes": [
    "A strict readout from PMNS columns alone would remain computational-gauge dependent, because arbitrary intermediate column phases leave the oscillation observables unchanged while moving alpha21 and alpha31.",
    "The readout fixes that ambiguity by first taking the canonical Takagi congruence of the emitted symmetric weighted-cycle matrix and then applying the readout-only electron-row gauge `U_e1 in R_{>0}`.",
    "The resulting pair is promoted publicly because the repaired weighted-cycle branch is now represented explicitly on the closed shared basis and the physical PMNS path is recovered there exactly. This promotion does not identify that branch with the separate intrinsic/shared-basis PMNS diagnostic surface."
  ],
  "pmns_matrix_imag": [
    [
      0.8042412098161023,
      -0.2213794827347574,
      0.14978396871756272
    ],
    [
      -0.31350036679223126,
      0.3592600183629337,
      0.7538755297968618
    ],
    [
      -0.12886571615680517,
      0.45971242842462084,
      -0.630595766022623
    ]
  ],
  "pmns_matrix_real": [
    [
      0.1457564441515798,
      0.5100329244750373,
      0.01932456241592159
    ],
    [
      0.2886616009610346,
      0.3471946575181609,
      -0.021255463343815444
    ],
    [
      0.3657003729461609,
      0.479489450065568,
      0.10373135846276055
    ]
  ],
  "pmns_observables": {
    "J": -0.027531156135653614,
    "delta_deg": 305.58061231449767,
    "delta_rad": 5.333387815148314,
    "theta12_deg": 34.22590463180999,
    "theta12_rad": 0.5973547252986618,
    "theta13_deg": 8.686355527700131,
    "theta13_rad": 0.15160550395717678,
    "theta23_deg": 49.72282845058262,
    "theta23_rad": 0.8678270698669773
  },
  "proof_chain_role": "active_theorem_lane",
  "public_promotion_blocker": null,
  "public_promotion_status": "closed_on_weighted_cycle_shared_basis_representation",
  "public_surface_candidate_allowed": true,
  "readout_checks": {
    "row_gauged_u_e1_imag_abs": 2.7755575615628914e-17,
    "row_gauged_u_e1_real": 0.8173425625636905
  },
  "readout_convention": {
    "majorana_readout_formula": {
      "alpha21": "2 arg((row_gauged U)_{e2})",
      "alpha31": "2 (arg((row_gauged U)_{e3}) + delta_PMNS)"
    },
    "majorana_readout_row_gauge": "row_gauged_pmns_matrix_* = diag(exp(-i arg(U_e1)), 1, 1) * pmns_matrix_* so (row_gauged U)_{e1} in R_{>0}",
    "stored_pmns_matrix": "pmns_matrix_* stores the canonical Takagi unitary recovered from the emitted symmetric matrix before any charged-lepton row rephasing for display.",
    "takagi_condition": "U_PMNS^T M_nu U_PMNS = diag(m_i) with diag(m_i) in R_{>0}"
  },
  "row_gauged_pmns_matrix_imag": [
    [
      -2.7755575615628914e-17,
      -0.5413360354678765,
      0.007696123391525533
    ],
    [
      -0.31350036679223126,
      0.3592600183629337,
      0.7538755297968618
    ],
    [
      -0.12886571615680517,
      0.45971242842462084,
      -0.630595766022623
    ]
  ],
  "row_gauged_pmns_matrix_real": [
    [
      0.8173425625636905,
      -0.12687693300356018,
      0.15082919373282172
    ],
    [
      0.2886616009610346,
      0.3471946575181609,
      -0.021255463343815444
    ],
    [
      0.3657003729461609,
      0.479489450065568,
      0.10373135846276055
    ]
  ],
  "shared_basis_representation": {
    "artifact": "oph_neutrino_weighted_cycle_shared_basis_representation",
    "physical_branch_closed": true,
    "source_path": "code/particles/runs/neutrino/neutrino_weighted_cycle_shared_basis_representation.json",
    "statement": "The repaired weighted-cycle Majorana matrix is transported exactly into the closed shared same-label basis, and the physical PMNS surface is recovered there as U_e_left^dagger * U_nu_shared. This closes the weighted-cycle theorem lane on the shared basis without identifying it with the separate intrinsic/shared-basis PMNS diagnostic surface.",
    "status": "theorem_grade_emitted",
    "transport_checks": {
      "pmns_recovery_max_abs": 1.3877787807814457e-17,
      "shared_basis_diagonalized_imag_max_abs": 1.0842021724855044e-17,
      "shared_basis_diagonalized_offdiag_max_abs": 4.5561138054344816e-17,
      "shared_basis_diagonalized_real_masses": [
        0.010126301485273364,
        0.011302414501969317,
        0.03079142408841056
      ],
      "shared_basis_symmetry_max_abs": 8.673617379884035e-19
    }
  },
  "shared_basis_use_status": "public_emission_closed_on_weighted_cycle_shared_basis_representation",
  "source_artifacts": {
    "shared_basis_representation": "code/particles/runs/neutrino/neutrino_weighted_cycle_shared_basis_representation.json",
    "shared_charged_left_basis": "code/particles/runs/neutrino/shared_charged_lepton_left_basis.json",
    "weighted_cycle_branch": "code/particles/runs/neutrino/neutrino_weighted_cycle_repair.json"
  },
  "statement": "On the repaired weighted-cycle branch, the explicit shared-basis weighted-cycle representation closes the physical PMNS path through U_e_left^dagger * U_nu_shared, so canonical Takagi congruence emits one public Majorana phase pair on that weighted-cycle transport branch.",
  "status": "theorem_grade_emitted",
  "takagi_congruence": {
    "congruence_half_angles_deg": [
      -79.72751605060562,
      23.46322505967657,
      -82.64852414714792
    ],
    "congruence_half_angles_rad": [
      -1.391507659519694,
      0.40951053042779917,
      -1.4424888682817696
    ],
    "diagonalized_imag_max_abs": 8.673617379884035e-18,
    "diagonalized_offdiag_max_abs": 4.437129678412874e-17,
    "diagonalized_real_masses": [
      0.01012630148527337,
      0.011302414501969324,
      0.030791424088410596
    ],
    "phase_relation_offdiag_max_abs": 4.1111994833554825e-15,
    "singular_values": [
      0.010126301485273374,
      0.011302414501969326,
      0.03079142408841062
    ]
  },
  "theorem_object": "physical_majorana_phase_pair",
  "theorem_surface": "weighted_cycle_shared_basis_transport",
  "weighted_cycle_observables_match": {
    "J_abs_delta": 1.0408340855860843e-16,
    "delta_deg_abs_delta": 2.8421709430404007e-13,
    "theta12_deg_abs_delta": 3.552713678800501e-14,
    "theta13_deg_abs_delta": 2.4868995751603507e-14,
    "theta23_deg_abs_delta": 4.263256414560601e-14
  }
}
