{
  "artifact": "oph_neutrino_dimensionless_law_candidate_audit",
  "candidates": {
    "current_law": {
      "absolute_ratio_error": 0.0008805230253356097,
      "chi": 1.1045845502912137,
      "dimensionless_dm2": {
        "21": 2.415559601940881e-05,
        "31": 0.0007885145046574088,
        "32": 0.000764358908638
      },
      "p": 1.406950210550122,
      "pmns": {
        "J": -0.026522158828835723,
        "delta_deg": 307.81750422696206,
        "theta12_deg": 33.97561492020427,
        "theta13_deg": 8.645937826302099,
        "theta23_deg": 49.778494281953684
      },
      "ratio_dm21_over_dm32": 0.031602426224679334,
      "representative_ratio_error": 0.0008805230253356097
    },
    "midpoint_normalized_gap_defect": {
      "absolute_ratio_error": 7.931013771902973e-07,
      "chi": 1.1045845502912137,
      "dimensionless_dm2": {
        "21": 2.520259180367675e-05,
        "31": 0.0008455698156217034,
        "32": 0.0008203672238180266
      },
      "p": 1.395092021318097,
      "pmns": {
        "J": -0.02753115613565372,
        "delta_deg": 305.58061231449796,
        "theta12_deg": 34.225904631810025,
        "theta13_deg": 8.686355527700156,
        "theta23_deg": 49.72282845058266
      },
      "ratio_dm21_over_dm32": 0.030721110097966534,
      "representative_ratio_error": -7.931013771902973e-07
    },
    "normalized_eps_over_chi": {
      "absolute_ratio_error": 0.00014269889816979214,
      "chi": 1.1045845502912137,
      "dimensionless_dm2": {
        "21": 2.5026741135654408e-05,
        "31": 0.0008358825252661288,
        "32": 0.0008108557841304744
      },
      "p": 1.3970479100365654,
      "pmns": {
        "J": -0.0273620291386947,
        "delta_deg": 305.96057793794637,
        "theta12_deg": 34.18236027500079,
        "theta13_deg": 8.679662354941948,
        "theta23_deg": 49.732033664319204
      },
      "ratio_dm21_over_dm32": 0.030864602097513516,
      "representative_ratio_error": 0.00014269889816979214
    }
  },
  "generated_utc": "2026-03-30T06:13:51Z",
  "leading_observation": {
    "candidate": "midpoint_normalized_gap_defect",
    "note": "The leading candidate may be numerically excellent without yet being derivable honestly from the current theorem surface."
  },
  "live_parameters": {
    "defect_gap_ratio": 0.10458455029121368,
    "gamma": 0.30236566025890826
  },
  "public_promotion_allowed": false,
  "ranking_by_absolute_ratio_error": [
    {
      "absolute_ratio_error": 7.931013771902973e-07,
      "candidate": "midpoint_normalized_gap_defect",
      "theta12_deg": 34.225904631810025,
      "theta13_deg": 8.686355527700156,
      "theta23_deg": 49.72282845058266
    },
    {
      "absolute_ratio_error": 0.00014269889816979214,
      "candidate": "normalized_eps_over_chi",
      "theta12_deg": 34.18236027500079,
      "theta13_deg": 8.679662354941948,
      "theta23_deg": 49.732033664319204
    },
    {
      "absolute_ratio_error": 0.0008805230253356097,
      "candidate": "current_law",
      "theta12_deg": 33.97561492020427,
      "theta13_deg": 8.645937826302099,
      "theta23_deg": 49.778494281953684
    }
  ],
  "representative_pdg_central_ratio": {
    "delta_m21_sq_eV2": 7.49e-05,
    "delta_m32_sq_eV2": 0.002438,
    "note": "Representative PDG 2025 central values used only for compare-only candidate-law auditing.",
    "ratio": 0.030721903199343724
  },
  "source_artifacts": {
    "overlap_edge_transport_cocycle": "/Users/muellerberndt/Projects/oph-meta/reverse-engineering-reality/code/particles/runs/flavor/overlap_edge_transport_cocycle.json",
    "same_label_scalar_certificate": "/Users/muellerberndt/Projects/oph-meta/reverse-engineering-reality/code/particles/runs/neutrino/same_label_scalar_certificate.json",
    "selector_phase_source": "/Users/muellerberndt/Projects/oph-meta/reverse-engineering-reality/code/particles/runs/neutrino/intrinsic_neutrino_mass_eigenstate_bundle_from_scalar_certificate.json"
  },
  "status": "compare_only_law_space_audit"
}
