{
  "command": [
    "python3",
    "code/particles/core/oph_lattice_su3_quenched_v5.py",
    "--beta",
    "5.7",
    "--L",
    "4",
    "--T",
    "8",
    "--therm",
    "10",
    "--sweeps",
    "30",
    "--every",
    "5",
    "--seed",
    "0",
    "--kappas",
    "0.12,0.125",
    "--nf",
    "0",
    "--c",
    "0.3",
    "--eps",
    "0.01",
    "--json"
  ],
  "parameters": {
    "L": 4,
    "T": 8,
    "beta": 5.7,
    "c_flow": 0.3,
    "eps_flow": 0.01,
    "every": 5,
    "kappas": [
      0.12,
      0.125
    ],
    "nf": 0,
    "seed": 0,
    "sweeps": 30,
    "therm": 10
  },
  "parse_error": null,
  "reference_script": "code/particles/core/oph_lattice_su3_quenched_v5.py",
  "result": {
    "C_p_0": 4.56117689090172,
    "C_p_1": 6.834564025936621,
    "C_p_chiral": 9.282323447279298,
    "C_pi_0": 2.1608660672650513,
    "C_pi_1": 1.5559243373956326,
    "C_rho_0": 2.1166057361841273,
    "C_rho_1": 1.5126151906629257,
    "C_rho_chiral": 0.8622976422710952,
    "L": 4.0,
    "T": 8.0,
    "aLambda_msbar": 0.45957909824073107,
    "alpha_msbar_at_mu": 6.4955749960180365,
    "am_p_0": 2.0962215624370737,
    "am_p_1": 3.1410227719084927,
    "am_p_chiral": 4.265961839479414,
    "am_pi_0": 0.9930888786126673,
    "am_pi_1": 0.7150703039110918,
    "am_rho_0": 0.9727477555666599,
    "am_rho_1": 0.6951663253100989,
    "am_rho_chiral": 0.3962939728500584,
    "beta": 5.7,
    "c_flow": 0.3,
    "g2_GF": 71.32013237241593,
    "kappa_0": 0.12,
    "kappa_1": 0.125,
    "mu_lat": 0.8333333333333334,
    "n_meas": 6.0,
    "nf": 0.0
  },
  "runner": {
    "created_utc": "20260324T152752Z",
    "cwd": ".",
    "script": "code/particles/hadron/run_quenched_reference.py"
  },
  "subprocess": {
    "returncode": 0,
    "stderr": "",
    "stdout": "{\n  \"C_p_0\": 4.56117689090172,\n  \"C_p_1\": 6.834564025936621,\n  \"C_p_chiral\": 9.282323447279298,\n  \"C_pi_0\": 2.1608660672650513,\n  \"C_pi_1\": 1.5559243373956326,\n  \"C_rho_0\": 2.1166057361841273,\n  \"C_rho_1\": 1.5126151906629257,\n  \"C_rho_chiral\": 0.8622976422710952,\n  \"L\": 4.0,\n  \"T\": 8.0,\n  \"aLambda_msbar\": 0.45957909824073107,\n  \"alpha_msbar_at_mu\": 6.4955749960180365,\n  \"am_p_0\": 2.0962215624370737,\n  \"am_p_1\": 3.1410227719084927,\n  \"am_p_chiral\": 4.265961839479414,\n  \"am_pi_0\": 0.9930888786126673,\n  \"am_pi_1\": 0.7150703039110918,\n  \"am_rho_0\": 0.9727477555666599,\n  \"am_rho_1\": 0.6951663253100989,\n  \"am_rho_chiral\": 0.3962939728500584,\n  \"beta\": 5.7,\n  \"c_flow\": 0.3,\n  \"g2_GF\": 71.32013237241593,\n  \"kappa_0\": 0.12,\n  \"kappa_1\": 0.125,\n  \"mu_lat\": 0.8333333333333334,\n  \"n_meas\": 6.0,\n  \"nf\": 0.0\n}\n"
  }
}
